text,Good/great customer service,Friendly and Helpful Staff,Good betting odds,Trust and Reliability,Good offers and promotions,Local and convenient,Atmosphere and environment,Brand appreciation,Easy to use /seamless experience,Best brand around,Fun and entertaining experience,Other,Age,Brand
Great service freindly staff,✓,✓,,,,,,,,,,,55yrs +,Coral
They are a modern and generous business,,,,,,,,,,,,✓,55yrs +,Ladbrokes
Local and give good odds,,,✓,,,✓,,,,,,,55yrs +,PaddyPower
They have good offers and promotions,,,,,✓,,,,,,,,55 to 54yrs,William Hill
Just local and friendly,,,,,,✓,,,,,,,55yrs +,Betfred
Great customer service,✓,✓,,,,,,,,,,,55 to 54yrs,Betfred
Friendly service and fair odds,,,✓,,,,,,,,,,55yrs +,Boyle Sports
Because they have wonderful customer service.,✓,,,,,,,,,,,,55yrs +,PaddyPower
It's hassle free,,,,,,,,,✓,,,,18 to 34yrs,Boyle Sports
It is friendly and relaxed,,,,,,,✓,,,,,,55yrs +,Betfred
They are really friendly and user friendly for those who bet very often,,,✓,,,,,,,,,,18 to 34yrs,William Hill
Years using their shops.Clean and tidy.No problems.,,,,,,,✓,,,,,,55yrs +,Boyle Sports
They are good and efficient.,,,,,,,,,✓,,,,55yrs +,PaddyPower
Nice environment,,,,,,,✓,,,,,,55 to 54yrs,Ladbrokes
Friendly staff and good service,✓,✓,,,,,,,,,,,55yrs +,William Hill
Local and convenient,,,,,,✓,,,,,,,55 to 54yrs,Ladbrokes
Good odds,,,✓,,,,,,,,,,55yrs +,Betfred
"Quick, easy and friendly service",✓,,,,,,,,✓,,,,55 to 54yrs,Ladbrokes
good brand,,,,✓,,,,✓,,,,,55 to 54yrs,Betfred
It gives great odds,,,✓,,,,,,,,,,18 to 34yrs,William Hill
Tested and trusted,,,,✓,,,,,,,,,18 to 34yrs,William Hill
Ease of putting bets on,,,,,,,,,✓,,,,55yrs +,William Hill
they treat you fair,,,,✓,,,,,,,,,55yrs +,Ladbrokes
Better,,,,,,,,,,,,✓,55 to 54yrs,Boyle Sports
Good,,,,,,,,,,,,✓,18 to 34yrs,PaddyPower
It's very condusive,,,,,,,✓,,,,,,55 to 54yrs,Coral
Great company,,,,✓,,,,,,,,,55yrs +,Betfred
Excellent service,✓,✓,,,,,,,,,,,55 to 54yrs,Coral
Always helpful and efficient.,,✓,,,,,,,✓,,,,18 to 34yrs,PaddyPower
It's easy to use and friendly staff,,✓,,,,,,,✓,,,,55 to 54yrs,William Hill
Helpful,,,,,,,,,,,,✓,55yrs +,Ladbrokes
Great Staff,,✓,,,,,,,,,,,55yrs +,Betfred
good to deal with,,,,,,,,,,,,✓,55yrs +,William Hill
Because of the great customer service,✓,,,,,,,,,,,,55 to 54yrs,Ladbrokes
Staff always helpful and professional,,✓,,,,,,,,,,,55 to 54yrs,William Hill
good odds,,,✓,,,,,,,,,,55yrs +,Betfred
They are a trusted brand,,,,✓,,,,✓,,,,,55 to 54yrs,Coral
Because I trust them,,,,✓,,,,,,,,,18 to 34yrs,Coral
Good offers,,,,,✓,,,,,,,,18 to 34yrs,William Hill
great staff and offers,,✓,,,,,,,,,,,18 to 34yrs,Coral
gtreat place to bet,,,,,,,,,,,,✓,18 to 34yrs,Ladbrokes
Good odds,,,✓,,,,,,,,,,55yrs +,Betfred
its a fun friendly and trustable brand,,,,✓,,,,✓,,,✓,,55 to 54yrs,PaddyPower
Their trustworthy,,,,✓,,,,,,,,,18 to 34yrs,Betfred
It has the best odds,,,✓,,,,,,,✓,,,18 to 34yrs,Ladbrokes
Its trustworthy,,,,✓,,,,,,,,,18 to 34yrs,Ladbrokes
Reliable,,,,✓,,,,,,,,,18 to 34yrs,Betfred
Used for years,,,,,,,,,,,,✓,55 to 54yrs,Betfred
Cheap cheerful,,,,,,,,,,,,✓,55 to 54yrs,Ladbrokes
It has great odds,,,✓,,,,,,,,,,55 to 54yrs,Coral
VERY GOOD,,,,,,,,,,,,✓,55 to 54yrs,William Hill
I find them the best there is,,,,,,,,,,✓,,,18 to 34yrs,PaddyPower
Great,,,,,,,,,,,,✓,18 to 34yrs,William Hill
good deals,,,,,✓,,,,,,,,55 to 54yrs,Ladbrokes
They are worth being recommended because they have a very good way of attending to customers,✓,✓,,,,,,,,,,,18 to 34yrs,PaddyPower
very useful and has the right prices and service,,,,,,,,,,,,✓,55 to 54yrs,Ladbrokes
They are a friendly and rewarding place to bet with,,✓,,,,,,,,,,,55 to 54yrs,Ladbrokes
they have good odds and its friendly,,,✓,,,,,,,,,,55 to 54yrs,William Hill
They offer a good experience.,,,,,,,,,,,✓,,55 to 54yrs,PaddyPower
Straightforward,,,,,,,,,,,,✓,55 to 54yrs,Coral
Best option,,,,,,,,,,✓,,,18 to 34yrs,Ladbrokes
Good offers,,,,,✓,,,,,,,,18 to 34yrs,William Hill
They offer amazing service delivery,✓,,,,,,,,,,,,55 to 54yrs,Betfred
good value and rewards,,,,,✓,,,,,,,,55 to 54yrs,William Hill
because of good service and proper ambiance,,,,,,,✓,,,,,,18 to 34yrs,Coral
It’s a good service.,✓,,,,,,,,,,,,18 to 34yrs,Ladbrokes
They play fair and pay out promptly,,,,✓,,,,,,,,,18 to 34yrs,PaddyPower
good customer service,✓,,,,,,,,,,,,18 to 34yrs,Coral
good odds and service,,,✓,,,,,,,,,,55 to 54yrs,William Hill
It is a reliable brand,,,,✓,,,,✓,,,,,18 to 34yrs,Ladbrokes
pleasant experience,,,,,,,,,,,✓,,18 to 34yrs,William Hill
grect,,,,,,,,,,,,✓,55 to 54yrs,Betfred
THEY ARE LIKE AN OLD FRIEND TO ME. SIMPLE AS,,,,✓,,,,,,,,,55yrs +,Coral
Easy to use and friendly staff,,✓,,,,,,,✓,,,,18 to 34yrs,Coral
Because their prices are the best,,,,,,,,,,✓,,,55yrs +,PaddyPower
Clear message and greT shops,,,,,,,,,,,,✓,18 to 34yrs,Coral
Efficiency,,,,,,,,,,,,✓,18 to 34yrs,PaddyPower
"Great customer service, easy to use terminals to make bets on",,,,,,,,,✓,,,,18 to 34yrs,Ladbrokes
Offer good deals,,,,,✓,,,,,,,,18 to 34yrs,Ladbrokes
"Great odds, really easy to use",,,✓,,,,,,✓,,,,18 to 34yrs,Coral
Nice game experience,,,,,,,,,,,✓,,55 to 54yrs,Boyle Sports
Best odds and service,,,✓,,,,,,,✓,,,55 to 54yrs,William Hill
Pretty much for the same reason I gave in my previous answer.,,,,,,,,,,,,,55 to 54yrs,PaddyPower
Already ex[plain why & the easons have not changed.,,,,,,,,,,,,,55yrs +,Betfred
Good experience,,,,,,,,,,,✓,,18 to 34yrs,PaddyPower
"It has great helpful, knowledgeable staff",,✓,,,,,,,,,,,55 to 54yrs,Coral
Great customer service,✓,✓,,,,,,,,,,,55 to 54yrs,Betfred
Very friendly helpful staff,,✓,,,,,,,,,,,55 to 54yrs,PaddyPower
It is a nice friendly place to go,,✓,,,,,✓,,,,,,55 to 54yrs,PaddyPower
Nice staff,,✓,,,,,,,,,,,18 to 34yrs,PaddyPower
Good customer service,✓,✓,,,,,,,,,,,18 to 34yrs,Coral
It is fun and convenient next door.,,,,,,✓,,,,,✓,,55 to 54yrs,Boyle Sports
I always find them very satisfactory fair with no pressure.,,,,,,,,,,,,✓,55yrs +,Boyle Sports
Nice friendly atmosphere,,✓,,,,,✓,,,,,,55yrs +,PaddyPower
"Good odds, easy to use website",,,✓,,,,,,✓,,,,55 to 54yrs,PaddyPower
It's a good brand,,,,✓,,,,✓,,,,,55yrs +,Boyle Sports
They are good,,,,,,,,,,,,✓,18 to 34yrs,PaddyPower
Service is good,✓,,,,,,,,,,,,18 to 34yrs,PaddyPower
Good offers,,,,,✓,,,,,,,,18 to 34yrs,William Hill
It's a trustworthy brand,,,,✓,,,,✓,,,,,18 to 34yrs,PaddyPower
Very helpful,,✓,,,,,,,,,,,18 to 34yrs,PaddyPower
it is easy to use,,,,,,,,,✓,,,,18 to 34yrs,PaddyPower
Accessible,,,,,,,,,,,,✓,55 to 54yrs,Ladbrokes
Eazy to use,,,,,,,,,✓,,,,55 to 54yrs,PaddyPower
It has the best odds,,,✓,,,,,,,✓,,,18 to 34yrs,Ladbrokes
Best odds and friendly professional staff,,✓,✓,,,,,,,✓,,,18 to 34yrs,PaddyPower
convenient,,,,,,✓,,,,,,,55yrs +,Betfred
Always had good service,✓,,,,,,,,,,,,55yrs +,PaddyPower
Good service,✓,,,,,,,,,,,,55 to 54yrs,Ladbrokes
Always been good,,,,,,,,,,,,✓,55 to 54yrs,William Hill
They have better offers,,,,,✓,,,,,,,,55 to 54yrs,Ladbrokes
"familiarity with the company, good environment, good odds",,,✓,✓,,,✓,,,,,,18 to 34yrs,Ladbrokes
Easy to bet and helpful staff,,✓,,,,,,,✓,,,,55yrs +,Betfred
easy process,,,,,,,,,✓,,,,55 to 54yrs,Ladbrokes
Always feel welcome,,✓,,,,,,,,,,,55 to 54yrs,Ladbrokes
Because they offer variety of services that suit my interests,,,,,,,,,,,,✓,55 to 54yrs,William Hill
Excellent experience,,,,,,,,,,,✓,,55 to 54yrs,Betfred
Simple no frills and good odds,,,✓,,,,,,,,,,55 to 54yrs,Coral
Easy and quick to use,,,,,,,,,✓,,,,55 to 54yrs,William Hill
No issues with it,,,,,,,,,,,,✓,55 to 54yrs,Betfred
The staff are friendly and helpful,,✓,,,,,,,,,,,55 to 54yrs,William Hill
Good customer service,✓,✓,,,,,,,,,,,18 to 34yrs,Coral
It’s friendly and a good place to be,,✓,,,,,✓,,,,,,55 to 54yrs,William Hill
Great customer service and friendly atmosphere,✓,✓,,,,,✓,,,,,,55 to 54yrs,William Hill
There a great service,✓,,,,,,,,,,,,55 to 54yrs,Coral
Never had any issues,,,,,,,,,,,,✓,55 to 54yrs,PaddyPower
They have very good odds,,,✓,,,,,,,,,,18 to 34yrs,PaddyPower
There service is fast,✓,,,,,,,,,,,,55 to 54yrs,Ladbrokes
Fair odds,,,✓,,,,,,,,,,55 to 54yrs,PaddyPower
Its good,,,,,,,,,,,,✓,18 to 34yrs,Boyle Sports
Good odds,,,✓,,,,,,,,,,55yrs +,Betfred
EASY TO BET WITH AND TRUSTED,,,,✓,,,,,✓,,,,18 to 34yrs,William Hill
Easy to understand,,,,,,,,,✓,,,,18 to 34yrs,Ladbrokes
Trustful,,,,✓,,,,,,,,,55 to 54yrs,Boyle Sports
It's my tried and trusted,,,,✓,,,,,,,,,18 to 34yrs,PaddyPower
They are very trusted,,,,✓,,,,,,,,,18 to 34yrs,Betfred
For the same reason I previously stated.,,,,,,,,,,,,,18 to 34yrs,PaddyPower
great employees,✓,,,,,,,,,,,,55 to 54yrs,Ladbrokes
Great trustworthy brand,,,,✓,,,,✓,,,,,55 to 54yrs,William Hill
Good service for me,✓,,,,,,,,,,,,18 to 34yrs,Ladbrokes
Nice,,,,,,,,,,,,✓,18 to 34yrs,PaddyPower
Because it is trustworthy,,,,✓,,,,,,,,,55 to 54yrs,PaddyPower
They are fair and are likely to offer the best bets,,,✓,,,,,,,✓,,,18 to 34yrs,PaddyPower
They have a great service,✓,,,,,,,,,,,,18 to 34yrs,PaddyPower
Great,,,,,,,,,,,,✓,18 to 34yrs,William Hill
They have high odds and easy cashout,,,✓,,,,,,✓,,,,55 to 54yrs,William Hill
Because they are so friendly,,✓,,,,,,,,,,,55 to 54yrs,William Hill
Because I had a great experience with them,,,,,,,,,,,✓,,55 to 54yrs,PaddyPower
They have good service,✓,✓,,,,,,,,,,,55 to 54yrs,PaddyPower
Never had a problem,,,,,,,,,,,,✓,55yrs +,William Hill
They have good services,✓,,,,,,,,,,,,18 to 34yrs,PaddyPower
Good,,,,,,,,,,,,✓,18 to 34yrs,PaddyPower
They are trustworthy.,,,,✓,,,,,,,,,55 to 54yrs,William Hill
Well laid out with good service,✓,✓,,,,,,,,,,,55 to 54yrs,William Hill
They are safe and have my interests at heart,,,,,,,✓,,,,,,55yrs +,William Hill
I have had good experiences with them,,,,,,,,,,,,✓,55 to 54yrs,William Hill
Excellent site,,,,,,,,,,,,✓,55 to 54yrs,PaddyPower
Always fair & to the point,,,,✓,,,,,,,,,55yrs +,PaddyPower
Honest and reliable,,,,✓,,,,,,,,,55yrs +,Betfred
Easy shop or online to bet with make you feel welcome,,,,,,,,,✓,,,,55 to 54yrs,William Hill
Good odds easy to use,,,✓,,,,,,✓,,,,55 to 54yrs,Coral
Good website,,,,,,,,,,,,✓,18 to 34yrs,Ladbrokes
Always helpful and easy to deal with,,✓,,,,,,,✓,,,,55 to 54yrs,PaddyPower
Good,,,,,,,,,,,,✓,18 to 34yrs,PaddyPower
Because the service is quick and easy and the staff were friendly.,,✓,,,,,,,✓,,,,18 to 34yrs,William Hill
Always got good prices on market,,,,,,,,,,,,✓,18 to 34yrs,PaddyPower
Because I'm very satisfied with my experience,,,,,,,,,,,,✓,18 to 34yrs,Betfred
Friendly service,✓,✓,,,,,,,,,,,18 to 34yrs,PaddyPower
Good brand,,,,✓,,,,✓,,,,,55 to 54yrs,Betfred
Great offers,,,,,✓,,,,,,,,18 to 34yrs,PaddyPower
Easy to use and staff were friendly,,✓,,,,,,,✓,,,,18 to 34yrs,Betfred
Nice to do business with,,,,,,,,,,,,✓,55 to 54yrs,PaddyPower
it is a good service,✓,,,,,,,,,,,,18 to 34yrs,William Hill
Great friendly service,✓,✓,,,,,,,,,,,55yrs +,Boyle Sports
it has everything that suits my needs,,,,,,,,,,,,✓,18 to 34yrs,Ladbrokes
They are very friendly and professional they are always there to deal with any enquiries,,✓,,,,,,,,,,,18 to 34yrs,PaddyPower
Good company,,,,✓,,,,,,,,,18 to 34yrs,PaddyPower
Everything you need,,,,,,,,,,,,✓,18 to 34yrs,Boyle Sports
Better odds,,,✓,,,,,,,,,,55yrs +,PaddyPower
friendly staff,,✓,,,,,,,,,,,55yrs +,PaddyPower
Polite and friendly staff,,✓,,,,,,,,,,,18 to 34yrs,Betfred
The interface of their app is easy to navigate & transaction is done quickly,,,,,,,,,✓,,,,18 to 34yrs,William Hill
Its great,,,,,,,,,,,,✓,55 to 54yrs,PaddyPower
Provide a good service,✓,,,,,,,,,,,,55 to 54yrs,PaddyPower
It's easy to understand betting with them the process is not complicated,,,,,,,,,✓,,,,55 to 54yrs,PaddyPower
good,,,,,,,,,,,,✓,18 to 34yrs,PaddyPower
Always find it a pleasant place to be,,,,,,,✓,,,,✓,,55yrs +,PaddyPower
"Good offers , seems player friendly",,,,,✓,,,,,,,,18 to 34yrs,PaddyPower
For relax no risk,,,,,,,,,,,✓,,18 to 34yrs,PaddyPower
It's reliable,,,,✓,,,,,,,,,55 to 54yrs,Betfred
Good clean environment good odds,,,,,,,✓,,,,,,55yrs +,PaddyPower
They offer great odds,,,✓,,,,,,,,,,55 to 54yrs,Ladbrokes
Best in the market,,,,,,,,,,✓,,,18 to 34yrs,Ladbrokes
easy to join,,,,,,,,,✓,,,,18 to 34yrs,Ladbrokes
Often win,,,,,,,,,,,,✓,55 to 54yrs,Ladbrokes
good shop all round,,,,,,,,,,,,✓,55yrs +,PaddyPower
"It's really easy to bet with them, they do good promotions and the in-store staff are really friendly.",,,,,,,,,✓,,,,18 to 34yrs,William Hill
It's a pleasant shopping experience,,,,,,,,,,,,✓,55 to 54yrs,Ladbrokes
Very good shop,,,,,,,,,,,,✓,55 to 54yrs,PaddyPower
I have always found coral to be fair,,,,✓,,,,,,,,,55yrs +,Coral
best odds guarenteed,,,✓,,,,,,,✓,,,55yrs +,William Hill
The staff are helpful and always willing to advisr,,✓,,,,,,,,,,,55 to 54yrs,PaddyPower
Similar tastes to mine,,,,,,,,,,,,,55 to 54yrs,William Hill
They will enjoy losing the money at Boyles,,,,,,,,,,,,,55 to 54yrs,Boyle Sports
for the return what they give,,,✓,,✓,,,,,,,,55 to 54yrs,Boyle Sports
"I used to bet with Boyle sport. They have good offers , odds",,,,,,,,,,,,✓,55 to 54yrs,Boyle Sports
Its got nice not judgemental staff,,✓,,,,,,,,,,,55 to 54yrs,PaddyPower
Like it it's near,,,,,,✓,,,,,,,55 to 54yrs,William Hill
very good atmosphere,,,,,,,✓,,,,,,55yrs +,PaddyPower
My favourite,,,,,,,,,,,,✓,55 to 54yrs,PaddyPower
"They offer great prices, ways to place a bet on many markets, and they reward you well as a customer",✓,,,,,,,,,,,,55yrs +,William Hill
i like them,,,,,,,,,,,,✓,55 to 54yrs,PaddyPower
Great prices and offers on accumulators,,,,,✓,,,,,,,,55yrs +,Ladbrokes
It's close to where I live and the staff are very nice,,✓,,,,,,,,,,,18 to 34yrs,Boyle Sports
good range of bets and prices,,,✓,,,,,,,,,,55 to 54yrs,Ladbrokes
its just amazing and i love sports betting,,,,,,,,,,,✓,,18 to 34yrs,William Hill
Always has the best odds,,,✓,,,,,,,✓,,,55yrs +,PaddyPower
Because I use it and would like a companion,,,,,,,✓,,,,,,55 to 54yrs,PaddyPower
Trustworthy relevant. Modern,,,,✓,,,,,,,,,55yrs +,Ladbrokes
It’s my favourite,,,,,,,,,,,,✓,55 to 54yrs,PaddyPower
I like their offers and special bets and games,,,✓,,✓,,,,,,,,55 to 54yrs,Betfred
"Make gambling fun, alway's a good atmosphere in the shop, plenty of promotion's on offer and never a problem when paying out winnings.",,,,,,,✓,,,,✓,,55 to 54yrs,PaddyPower
They give very good odds and they have a quite useful website too,,,✓,,,,,,,,,,55 to 54yrs,Coral
Best odds,,,✓,,,,,,,✓,,,55 to 54yrs,Ladbrokes
They are brilliant,,,,,,,,,,,,✓,18 to 34yrs,Ladbrokes
My Customer experience over the last ten years,✓,,,,,,,,,,,,55yrs +,Boyle Sports
Staff know how,✓,,,,,,,,,,,,55yrs +,PaddyPower
"They are very unique and located everywhere in the country and also great staff and friendly service, nice atmosphere",,✓,,,,,✓,,,,,,55 to 54yrs,Boyle Sports
I love this brand,,,,,,,,✓,,,,,18 to 34yrs,PaddyPower
because of tge comment i applied last time is the same experience i have everytime i go in.,,,,,,,,,,,,✓,55 to 54yrs,Betfred
Good staff and environment,,✓,,,,,,,,,,,18 to 34yrs,Coral
to play with them,,,,,,,,,,,,✓,55yrs +,Ladbrokes
Great range of bets good customer service,✓,,,,,,,,,,,,55 to 54yrs,PaddyPower
Great place,,,,,,,,,,,,✓,18 to 34yrs,Ladbrokes
Good odds bonus,,,✓,,,,,,,,,,18 to 34yrs,Ladbrokes
That is my opinion,,,,,,,,,,,,✓,55 to 54yrs,William Hill
It’s good fun,,,,,,,,,,,✓,,55 to 54yrs,Ladbrokes
Lots of offers and bonuses,,,,,✓,,,,,,,,55 to 54yrs,PaddyPower
They offer the best odds.,,,✓,,,,,,,✓,,,55 to 54yrs,William Hill
they have a great selection of offers and deals,,,,,✓,,,,,,,,55 to 54yrs,PaddyPower
"It my favorite, so I'll definitely recommend it",,,,,,,,,,✓,,,18 to 34yrs,Coral
Because they have good service and variety of games,,,,,,,,,,,,✓,18 to 34yrs,William Hill
best odds,,,✓,,,,,,,✓,,,55 to 54yrs,Ladbrokes
Great offers free bets,,,,,✓,,,,,,,,55 to 54yrs,William Hill
They have the better odds,,,✓,,,,,,,,,,55 to 54yrs,PaddyPower
It’s got the best vibe,,,,,,,✓,,,✓,,,55 to 54yrs,William Hill
A reputable brand who always honour bets,,,,,,,,✓,,,,,18 to 34yrs,William Hill
I have been betting with william hills for a while now and i an use to them,,,,✓,,,,,,,,,55 to 54yrs,William Hill
leader,,,,,,,,,,,,✓,55 to 54yrs,William Hill
not sure,,,,,,,,,,,,,18 to 34yrs,PaddyPower
To bet,,,,,,,,,,,,,18 to 34yrs,PaddyPower
Because they a as good if not better odds on all sports and have great customer service,,,✓,,,,,,,,,,55 to 54yrs,Ladbrokes
It’s a great company,,,,✓,,,,,,,,,18 to 34yrs,Coral
"Pretty much as before, staff are friendly and helpful, it’s easy to go in grab your slip and place your bets",,,,,,,,,✓,,,,18 to 34yrs,William Hill
Good odds on bets,,,✓,,,,,,,,,,18 to 34yrs,William Hill
Friendly staff and good access to all forms of betting,,✓,,,,,,,,,,,55yrs +,William Hill
lot of freebies,,,,,✓,,,,,,,,55yrs +,Coral
I feel respected,,,,,,,,,,,,✓,18 to 34yrs,PaddyPower
Love going in their and the staff are always helofull and friendly,,✓,,,,,,,,,,,55 to 54yrs,Ladbrokes
because the shop I use is always clean and the staff are great,,,,,,,✓,,,,,,55yrs +,William Hill
THEY GIVE GOOD ODDS,,,✓,,,,,,,,,,55 to 54yrs,PaddyPower
Good book makers,,,,,,,,,,,,✓,18 to 34yrs,PaddyPower
They have lots of in-store special offers. The stores are bright n lots of room,,,,,✓,,,,,,,,55 to 54yrs,PaddyPower
I am quite satisfied with Paddy Power,,,,,,,,,,,,✓,55 to 54yrs,PaddyPower
"Paddy Power is a friendly netting shops to use with great facilities, betting odds, offers etc.",,✓,✓,,✓,,,,,,,,55yrs +,PaddyPower
Love it,,,,,,,,,,,,✓,18 to 34yrs,PaddyPower
Always professional. One of the best in the business,,,,,,,,,,✓,,,55 to 54yrs,Boyle Sports
Only one I consider,,,,,,,,,,✓,,,18 to 34yrs,PaddyPower
Myself & my family have always placed bets with Paddy Power & I like to support it because it's an Irish company. They make betting easy for me.,,,,✓,,,,,✓,,,,55 to 54yrs,PaddyPower
If you want to do a small bet the odd time it gives the best odds,,,,,,,,,,✓,,,18 to 34yrs,PaddyPower
Good offers with bets,,,,,✓,,,,,,,,18 to 34yrs,Ladbrokes
Great odds,,,✓,,,,,,,,,,55 to 54yrs,Boyle Sports
As well as being welcoming and helpful. They've been around a long time and are very trustworthy,,✓,,✓,,,,,,,,,55 to 54yrs,PaddyPower
various markets across alot of sports good odds,,,,,,,,,,,,✓,18 to 34yrs,PaddyPower
"Aithniúil mar gheall ar a dtairiscintí éagsúla agus a thiomantas do chothrom na féinne,",,,,,,,,,,,,,18 to 34yrs,Ladbrokes
As I've played here and it is very fun and interesting,,,,,,,,,,,✓,,18 to 34yrs,PaddyPower
Úsáideann an soláthraí seo an praghas a bhuaigh níos fearr,,,,,,,,,,,,,55 to 54yrs,Ladbrokes
My favourite,,,,,,,,,,,,✓,55 to 54yrs,PaddyPower
I love it,,,,,,,,,,,,✓,18 to 34yrs,PaddyPower
They need to experience lock of the irish. -Ooohh thats a nice win derr!!',,,,,,,,,,,,,18 to 34yrs,Ladbrokes
I’ve always used them I think they are the best odds with this company,,,,✓,,,,,,✓,,,55 to 54yrs,PaddyPower
"ive laways had good expieriences in the shop over the years, never really had a bad exp",,,,,,,,,,,✓,,55 to 54yrs,Boyle Sports
They are one of the best on the high street,,,,,,,,,,✓,,,55 to 54yrs,Ladbrokes
they offer better odds and do more lotteries,,,✓,,✓,,,,,,,,55 to 54yrs,Betfred
the staff are always friendly and welcoming and you always get good odds in corals.,,✓,✓,,,,,,,,,,55 to 54yrs,Coral
"good odds, good atmosphere",,,,,,,✓,,,,,,55 to 54yrs,Ladbrokes
honest party,,,,✓,,,,,,,,,55yrs +,William Hill
I trusted bookmaker,,,,✓,,,,,,,,,55yrs +,Ladbrokes
Brilliant,,,,,,,,,,,,✓,18 to 34yrs,William Hill
"I like the amphshere in the store,It is easy to do sports betting in the store.",,,,,,,,,✓,,,,55yrs +,PaddyPower
Because they are an excellent well established company that have been around for a long time,,,,✓,,,,,,,,,55 to 54yrs,William Hill
It's by my house so it's the nearest bookies I could recommend,,,,,,✓,,,,,,,55 to 54yrs,William Hill
You will surely win.,,,,,,,,,,,,✓,18 to 34yrs,Coral
"Although cannot be classed as a Regular, I am comfortable with being in the establishment",,,,,,,✓,,,,,,55yrs +,William Hill
odds are usually better than other brands,,,✓,,,,,✓,,,,,55 to 54yrs,Coral
It has great staff and the odds offered are usually very good,,,✓,,,,,,,,,,55yrs +,PaddyPower
I feel that they are the best for odds.,,,,,,,,,,✓,,,55 to 54yrs,Ladbrokes
They have the best odds and you can bet on a wide range of sports or events the staff are always friendly and knowledgable,,,,,,,,,,✓,,,55 to 54yrs,William Hill
ggdsf gdsfg fdsg dsfg dfsg dfsg,,,,,,,,,,,,,55 to 54yrs,William Hill
Great place,,,,,,,,,,,,✓,18 to 34yrs,Ladbrokes
good variety of bets and odds,,,✓,,,,,,,,,,55 to 54yrs,Ladbrokes
is very good brand,,,,,,,,✓,,,,,55yrs +,PaddyPower
the ensure safe gambling and have quick payouts,,,,,,,✓,,,,,,55 to 54yrs,PaddyPower
its the best brand overall,,,,✓,,,,✓,,✓,,,18 to 34yrs,Ladbrokes
BECAUSE IT HAS ANYONE TO GET TO MAKE THAT YOU WILL GET IT HAS,,,,,,,,,,,,,55 to 54yrs,PaddyPower
Could for betting,,,,,,,,,,,,✓,18 to 34yrs,PaddyPower
It’s great,,,,,,,,,,,,✓,18 to 34yrs,William Hill
"Welcome to Gboard clipboard, any text you copy will be saved here.",,,,,,,,,,,,✓,55 to 54yrs,Betfred
"They have a positive attitude to their customers, they have some great offers and reward loyalty.",,✓,,,✓,,,,,,,,55yrs +,Ladbrokes
Good bet offers,,,,,✓,,,,,,,,55 to 54yrs,William Hill
ALL WAYS OFFER A GOOD SELECTION OF ODDS AND BETS,,,,,,,,,,,,✓,55yrs +,Betfred
they have better odds,,,✓,,,,,,,,,,55 to 54yrs,Betfred
Innovative brand,,,,,,,,✓,,,,,18 to 34yrs,William Hill
You can top up your online account in store.,,✓,,,,,,,,,,,55 to 54yrs,PaddyPower
They are the best for horse racing,,,,,,,,,,✓,,,55 to 54yrs,William Hill
"Ardán atá Cairdiúil le hÚsáideoirí: Is furasta do go leor úsáideoirí suíomh Gréasáin agus aip shoghluaiste Ladbrokes a nascleanúint agus a úsáid, le comhéadain iomasach a fhágann go bhfuil gealltóireacht agus cearrbhachas áisiúil",,,,,,,✓,,,,,,18 to 34yrs,Ladbrokes
its rewarding policy to loyal customers,,,,✓,,,,,,,,,55 to 54yrs,Ladbrokes
Staff and prices,,✓,,,,,,,,,,,55yrs +,William Hill
great company great staff,,✓,,✓,,,,,,,,,55 to 54yrs,William Hill
Trust the brand,,,,✓,,,,✓,,,,,55 to 54yrs,Ladbrokes
Yes,,,,,,,,,,,,✓,55 to 54yrs,Coral
Because it’s fun,,,,,,,,,,,✓,,18 to 34yrs,PaddyPower
Good betting office,,,,,,,,,,,,✓,55 to 54yrs,William Hill
accessible locations,,,,,,,,,,,,✓,55 to 54yrs,PaddyPower
Great atmosphere there,,,,,,,✓,,,,,,55 to 54yrs,PaddyPower
it had a great bet that pay out fast,,,,,,,,,,,,✓,55 to 54yrs,William Hill
Best in the business top shop top staff,,,,,,,,,,✓,,,18 to 34yrs,PaddyPower
"good customer service, good odds, good live coverage of events",✓,,✓,,,,,,,,✓,,55 to 54yrs,Coral
A place which gives me a sense of belonging,,,,,,,✓,,,,✓,,18 to 34yrs,William Hill
Clean shop friendly staff not too busy,,✓,,,,,✓,,,,,,18 to 34yrs,William Hill
Great choice of bets and fun,,,,,,,,,,,✓,,55 to 54yrs,PaddyPower
Because they're the best,,,,,,,,,,✓,,,18 to 34yrs,William Hill
Because their customer service is amazing,✓,,,,,,,,,,,,18 to 34yrs,Coral
Really cool vibe in store,,,,,,,✓,,,,,,55 to 54yrs,Ladbrokes
It’s a nice place to socialise and make money if you’re lucky enough,,,✓,,,,,,,,✓,,18 to 34yrs,Coral
Because their odds they promise that u can get your money back,,,,,,,,,,,,✓,18 to 34yrs,Ladbrokes
Goodluck,,,,,,,,,,,,✓,18 to 34yrs,Betfred
Is branda cearrbhachais i bhfad suimiúil é seo,,,,,,,,✓,,,,,18 to 34yrs,Ladbrokes
Níos tábhachtaí úsáideach,,,,,,,,,,,,,55 to 54yrs,Ladbrokes
maith le haghaidh imirt,,,,,,,,,,,,,18 to 34yrs,Ladbrokes
"Cosúil le go leor cuideachtaí cearrbhachais traidisiúnta eile, tá infheistíocht déanta ag Ladbrokes in ardáin dhigiteacha agus seirbhísí ar líne",,,,,,,,,,,,,18 to 34yrs,Ladbrokes
iontach,,,,,,,,,,,,,18 to 34yrs,Ladbrokes
its the closest to my location,,,,,,✓,,,,,,,55yrs +,PaddyPower
Customer Service,✓,,,,,,,,,,,,18 to 34yrs,PaddyPower
"Polite staff, good odds, boost on your winnings",,,✓,,,,,,,,,,18 to 34yrs,William Hill
Brilliant,,,,,,,,,,,,✓,18 to 34yrs,William Hill
taitneamhach,,,,,,,,,,,,,18 to 34yrs,Ladbrokes
Always happy to help and great deals,,,,,✓,,,,,,,,18 to 34yrs,Ladbrokes
"Happy customers good games,and every week promotion",,,,,✓,,,,,,,,18 to 34yrs,Coral
Quality of money return,,,✓,,,,,,,,,,55 to 54yrs,Ladbrokes
pleasant surroundings clean nice staff,,✓,,,,,✓,,,,,,55yrs +,PaddyPower
Léirithe níos fearr agus níos mó,,,,,,,,,,,,,55 to 54yrs,Ladbrokes
"Le líonra mór siopaí gealltóireachta miondíola agus ardán ar líne, soláthraíonn Ladbrokes rochtain éasca",,,,,,,,,,,,,55 to 54yrs,Ladbrokes
i bhfad sásta,,,,,,,,,,,,,18 to 34yrs,Ladbrokes
i bhfad suimiúil,,,,,,,,,,,,,18 to 34yrs,Ladbrokes
It’s very good,,,,,,,,,,,,✓,55yrs +,PaddyPower
Also clean and tidy staff are excellent,,✓,,,,,✓,,,,,,55 to 54yrs,PaddyPower
Staff,,,,,,,,,,,,✓,55 to 54yrs,Betfred
Its the best one,,,,,,,,,,✓,,,18 to 34yrs,PaddyPower
Fun and safe and supportive,,,,,,,✓,,,,✓,,55yrs +,Coral
Good in shop offers,,,,,✓,,,,,,,,55 to 54yrs,PaddyPower
"Odds are good, shops are clean and safe; I also like the novelty bets",,,,,,,✓,,,,,,55yrs +,PaddyPower
Cause its a goo betting shop and u get loafs of deals,✓,✓,,,,,,,,,,,18 to 34yrs,Coral
Just like the shop,,,,,,,,,,,,✓,55 to 54yrs,PaddyPower
Great shops with state of the art equipment including betting terminals,,,,,,,✓,,,,,,55 to 54yrs,Boyle Sports
"I like the ambience if their shops, and their odds are competitive.",,,,,,,✓,,,,,,55 to 54yrs,Betfred
"nice atmosphere, shop",,,,,,,✓,,,,,,18 to 34yrs,Coral
they are the best betting shops,,,,,,,,,,✓,,,18 to 34yrs,William Hill
Because it is a good betting shop,,,,,,,,,,,,✓,18 to 34yrs,Betfred
Nice shop and good location. Staff are very nice too,,✓,,,,,,,,,,,55 to 54yrs,PaddyPower
I just prefer the Ladbrokes shop and staff,,✓,,,,,,,,,,,55yrs +,Ladbrokes
"Great atmosphere in the shop, plenty of money back offer's, extra place's on sport's bet including horse racing.",,,,,,,✓,,,,,,55 to 54yrs,PaddyPower
customer service odds on offer clean shop,,,,,,,✓,,,,,,55yrs +,PaddyPower
NICE SHOPS,,,,,,,,,,,,✓,18 to 34yrs,Betfred
It's the best betting shop provider I have experienced,,,,,,,,,,✓,,,18 to 34yrs,PaddyPower
Good atmosphere In shops good odds,,,,,,,✓,,,,,,55 to 54yrs,Betfred
IT'S A VERY WELCOMING SHOP,,,,,,,,,,,,✓,55yrs +,William Hill
a nice shop,,,,,,,,,,,,✓,55 to 54yrs,Ladbrokes
It’s a convenient location and the shop is clean and well presented with friendly staff.,,✓,,,,,✓,,,,,,55yrs +,Ladbrokes
I like the staff and the environment in the shop,,✓,,,,,,,,,,,55 to 54yrs,William Hill
It’s a great betting shop,,,,,,,,,,,,✓,18 to 34yrs,Coral
Good stores with good odds,,,✓,,,,,,,,,,55 to 54yrs,PaddyPower
